0.0,-0.07372901885428945,1.4231152623133876
1.0,1.03316925499692,-0.556316156397699
1.0,0.14582311882621873,0.095173841069076
0.0,0.42166108759394144,1.262632082770545
0.0,-0.7607680825274664,0.5818854209730604
0.0,-0.4561355247786193,1.363339161032842
0.0,-0.44871575774739786,1.6040373683253648
0.0,-0.800139527980604,0.9490134310848782
0.0,-0.6169840210506337,0.9351089603105199
1.0,-0.11451133670542797,0.6900907354970238
1.0,1.8396050810732179,0.15122218665441645
0.0,-1.1349196283499587,0.4193877173389239
0.0,-0.15878694854540357,1.3293567224133964
0.0,0.13739622529309625,0.9975598620561476
1.0,1.5282527327750568,-0.12272389132011954
1.0,1.2968350439112069,0.039777155728156044
1.0,0.6021459359166769,-0.3307359701078613
1.0,1.050053161394392,-0.39307972348024967
1.0,1.8392426165002844,0.04078689940601685
1.0,0.7821999283372201,-0.43050720207148735
1.0,0.1522522463324466,0.7795460315794958
0.0,-0.9498865597391872,0.4171735511797193
1.0,0.9231382300143971,-0.1044754609612425
0.0,-0.9096338736192701,1.0027479596076794
0.0,-0.4905878266098826,0.9932598215471956
0.0,-1.021942389229535,0.8168636435524053
1.0,0.6764701627401155,-0.3081684516817183
0.0,0.6099965056852502,1.084238618371249
0.0,-0.5467937801808262,0.9421089000261907
0.0,-0.33552792813414134,0.9349474629001641
0.0,0.7864975060999446,1.1326964033897555
1.0,1.3665624955050837,-0.6434061971698177
0.0,0.44051002972090025,1.1763618077507116
0.0,0.7355186749147309,1.1887995399639004
0.0,0.02572266047051819,1.4010003062067322
1.0,0.014458376364595571,-0.08217340359277343
1.0,1.2150078016985473,-0.2640067170664389
1.0,0.5926032648852726,-0.4448477710115721
1.0,1.235465302623965,-0.06902725771721946
0.0,0.5147940362975321,1.2760222760616942
0.0,-0.08094117603491939,1.2525469846369153
0.0,0.6846759000942007,0.9544407527726061
0.0,-0.3025312367100842,1.1191768693845967
1.0,1.2425001265325653,-0.37875943077958807
1.0,1.9363528675899193,0.07949513242063869
1.0,1.7440406627436216,-0.2875068169002848
1.0,2.097169375587014,0.07545092731625519
1.0,0.3206933556279742,0.5274439381407443
0.0,0.8470091886994864,0.8907861576443454
0.0,0.3212179378804851,1.488874513862155
0.0,-1.2101937026851193,0.12836532629609687
0.0,0.7422476139473495,1.0364139760123616
1.0,1.1947683837419103,-0.7213764694461422
0.0,0.7150601420088865,0.5270995652748863
0.0,0.7804975373724572,0.5572682465183892
1.0,2.085216401604082,-0.2725724325984977
1.0,1.4676993252577057,-0.6123128823958499
0.0,0.07678173614050762,1.696440693065599
0.0,-0.4032783498605445,1.5002476906897932
1.0,1.687163091579783,0.020099148759194746
0.0,1.0019963239151721,0.8265996005110892
1.0,0.01256945934131581,0.03496143035235394
1.0,0.7412620416878192,-0.47241447750410337
0.0,0.732126382422741,0.6289175676744168
1.0,2.099749504770839,0.23343027423193297
1.0,1.5418877618115854,-0.4891904884068452
0.0,-0.22074104478235035,1.4962346164884113
0.0,0.5656152583711651,1.346119827019348
0.0,0.2705793970997737,1.4264712160076245
1.0,2.085914225033827,0.1126787879537858
0.0,-0.664263596847674,0.5287986372471822
0.0,0.9614128685948458,0.44293385699102056
0.0,-0.31762777553620947,1.292336378988293
0.0,0.9044966507390798,0.7629497263706877
1.0,0.4182056108606461,-0.7794381479074477
1.0,2.358813293709182,0.8211195702900862
1.0,0.9915668511883549,-0.6748964246653457
1.0,2.093041558739643,-0.35753489513849224
0.0,0.43277134817857554,1.3107698478321965
0.0,-0.8607912933326749,0.851317193285856
0.0,-0.139327026657256,1.3389339444306905
0.0,-0.4653401823132837,1.176543983383409
1.0,2.0984460884073326,0.48170209057575913
0.0,-0.6261541714040146,1.1606812190308338
0.0,0.302005802257616,1.4068773785309854
1.0,2.1045136949162684,0.10627510239470181
0.0,0.8083283078753873,1.0236838803712889
0.0,-0.6313339227434762,0.8923812311267808
0.0,1.282785344288963,0.5950733248742806
0.0,0.8582631211836274,1.1269763940612716
1.0,1.216736598927056,-0.00017282589582795493
1.0,-0.2708366715238327,0.3271114081816551
0.0,1.0462121932197104,0.36467318742107496
1.0,1.3797212812328628,0.14700447122876187
0.0,1.0266074415049988,0.8306853482825229
1.0,0.7648220012163028,-0.4048053034807403
1.0,1.9202885238341278,0.3039912109790863
0.0,-0.5351523724221154,1.4683779998060897
0.0,-0.13097654909391118,1.4819021686531126
0.0,0.022029490815189484,1.3197879011945148
1.0,0.5195347517315407,-0.05068408221196913
0.0,0.021247711042327033,1.4424317319358924
1.0,1.4627100469819414,0.12294541684490475
0.0,-0.5664407689737362,0.46385844357818945
0.0,1.4050507139395583,0.9850947126179046
1.0,-0.32537798880549906,-0.07587917058727536
0.0,1.1437686923413626,1.186796347477408
0.0,0.616209123799508,1.5555960704605378
0.0,-0.3688803902641865,1.2651707460697168
0.0,0.6367039010344859,0.634987843945066
0.0,-0.552242312139226,1.162670581463301
1.0,0.358994053465532,-0.272263029752733
0.0,0.8409472994490613,0.49081377157293504
0.0,0.5059230274643656,1.4233278386451702
1.0,1.0528273551974032,-0.5753357238773695
0.0,-0.8250190728218983,0.764970112646572
1.0,-0.14136227572450255,-0.09197304241806817
1.0,1.591591767489357,-0.613578430151146
0.0,-0.7098272176194607,0.5511731905151858
0.0,0.37335896845690797,1.2514740074690591
1.0,0.504067298453384,-0.3992656850728245
1.0,0.18968563946625883,0.4284719926393059
0.0,-0.3087931234512141,1.5002103646371778
1.0,2.150930289641883,0.46606967819057155
1.0,-0.07492803538608045,0.41602112182539813
0.0,0.6806542340799501,1.1554410811379707
1.0,1.6034656216139411,-0.0247074367795571
1.0,0.497397460819908,-0.26464772352961285
1.0,1.7126069163700486,-0.17021116187407487
0.0,1.0128351687378325,0.7633060006400687
0.0,0.9732944224482933,0.9328435512230054
1.0,2.0171816726220833,0.6313855491943515
0.0,0.7715154090743989,0.7191148816565434
1.0,0.05702267730309413,-0.4080975569959459
1.0,1.1575348924460744,-0.5556768448688003
0.0,0.8961089374465662,0.2320264527940734
0.0,-0.6397111727847888,1.5880797036437997
1.0,0.3088097530280075,0.043743438001638324
0.0,-0.6312356592768072,0.7944884705610022
0.0,0.9859062756411414,1.5870803244365566
0.0,0.6382440024862001,0.43063568445229083
0.0,0.8322818472375785,0.8860227996825022
0.0,-0.5004110202336967,1.2774152692865557
1.0,1.8145988600921927,0.39911371419756136
1.0,1.194943246789142,-0.3117491826582451
0.0,-0.6918321836233159,0.41919241636609506
1.0,1.3164991733356952,-0.5027179821778448
0.0,0.10630058097409617,1.3610985658136938
0.0,-0.3718174326341235,0.9168086526657379
0.0,1.0126805235411425,0.7374152443754578
0.0,-0.47335017161972837,1.2900183428668994
0.0,-0.6935403829375028,1.1292399707330427
1.0,-0.056504055039822476,-0.3215827194010419
0.0,-0.6797124752055382,0.9637654722816056
0.0,0.976983607554977,1.005943664026614
0.0,-0.09354275589621192,1.5130305826478843
1.0,0.07029758986124249,0.3939764091231841
0.0,1.1470380946255545,0.566755679826594
0.0,-0.12674104066072767,1.3802931939978365
0.0,-1.0116133980276139,0.9603032505338526
1.0,-0.054980060398004266,0.38986453987288966
0.0,-1.0498927876455655,0.6640943832741255
1.0,0.3212584470220824,-0.38119006703279334
0.0,-0.8919150931712907,0.9192519060551737
1.0,1.5065056562995853,-0.597020351666281
0.0,-0.6917581439934201,0.4787561041329204
1.0,0.14200723394071432,0.09263251041317194
1.0,1.590199583320328,-0.5938076172494886
0.0,-1.1666529186881538,0.565532047295958
1.0,0.05934378642263515,0.5042935402297254
1.0,1.9167813931852389,-0.0691036782328552
1.0,1.713562907176884,-0.3592310660581821
0.0,-0.6236864736002848,1.2728259181637085
0.0,-1.0055772459277315,0.05267639477209479
1.0,1.8249718654408122,0.17907707150865568
0.0,0.02697593507342784,1.2783289517073184
0.0,-0.6794108990998691,0.7722159118658424
1.0,1.8431103796146,-0.4389997385528287
1.0,1.4384594905838437,-0.5371121123647397
1.0,0.42373390794723514,-0.14958130861496458
0.0,-0.8725856444790016,1.2655775121019404
1.0,0.20011231911831778,-0.020011776661351115
0.0,0.5523702557353183,1.4226638028217806
0.0,0.5595660386081053,1.3331487427494886
1.0,1.9000009772005013,-0.07256130889860449
1.0,1.6193336978137114,-0.37193321153320813
1.0,0.4962405512951114,-0.5704510445747827
0.0,0.7298320333691453,0.8271684203618628
0.0,1.0490558605380953,0.41245931430814126
0.0,0.7633057938078012,0.92936851888576
1.0,0.6590122383712773,-0.5623354329179292
1.0,-0.15202158702727345,-0.08728073808401804
1.0,1.1157346426396813,-0.21152390927119852
1.0,1.2298566658299384,-0.44134624249776494
1.0,-0.04856213806785518,0.2646431119329401
1.0,1.9771289906768164,0.16760208292516254
0.0,0.14924125505057315,1.3602210558848915
0.0,1.1996197655969836,0.773413850658322
0.0,1.0768034389901189,1.02371695576206
0.0,1.173250425010042,0.9542843592451772
0.0,0.8178410421414148,0.9419953307702329
0.0,0.08608745871953678,1.3015286772444443
0.0,-0.6655967735947803,1.2990638143385294
1.0,1.7666715551959111,-0.3175729966765341
0.0,0.7939454988036234,0.9320465932939032
0.0,1.2393358740981284,0.4341582415502252
1.0,2.092454044774756,-0.5178282271219541
1.0,1.6242576703808762,-0.19077644697509066
0.0,0.13090510969577737,1.037358488237809
1.0,1.2688115996098974,-0.5053671749651919
1.0,-0.4532961470145697,0.6707017901924375
1.0,2.16036132145704,-0.2778541600932515
0.0,-0.8351987768152367,1.1486465564229826
1.0,0.4134715656608662,0.06125018491830442
0.0,-0.49900786428689303,1.5310644881512125
1.0,0.3824633604233948,-0.13658547382508535
1.0,0.38324559277774384,-0.2523189789267798
0.0,0.8489974104731148,1.0485996323701956
1.0,0.395533846941166,-0.39986812878808786
1.0,-0.2883254438906727,0.5662146125856268
1.0,0.9582492792708468,-0.5307891727227904
1.0,1.4988151034922939,-0.7697932670835497
0.0,0.4225793060762548,0.9987405067300039
0.0,1.0604652911501138,0.7394899855926186
0.0,0.704461293311768,0.6492092186120464
1.0,-0.005429345875187237,0.06558663419313346
0.0,-0.9879678747100454,1.0352119318155513
0.0,-0.736900644805164,1.026999718754888
1.0,1.9629015178731901,0.2729686058426227
0.0,-0.9682558853714976,0.7196503809901051
1.0,1.9007512073314303,-0.27784321138783
0.0,0.44245456029779295,1.2528975413638919
1.0,0.585474476799708,-0.459273850164356
1.0,1.4992116229590078,-0.19871470727273788
0.0,0.973580495401722,0.4227358125812114
1.0,1.6546453191331079,0.10065934190436726
0.0,-0.6566747986117109,0.8291076265177382
0.0,1.0272575766129959,0.4803844201902936
0.0,0.9647750147222812,0.7669192127915773
1.0,1.4227225457558674,-0.3615881453731595
0.0,-0.4304129646621824,1.5162896417184637
1.0,-0.15305479778873043,-0.09606398279970252
1.0,1.8832365083763896,0.3687384292575552
0.0,-0.8996856633218003,0.49848722071702867
0.0,0.5644015836425622,1.2615934277657543
0.0,-1.0344517185215456,0.5440736598714827
0.0,-0.5080803470169432,1.2014915570033549
1.0,1.5103852167315925,-0.17903600875045522
1.0,1.7907131891703443,0.009456244235228062
0.0,-0.15570329282503975,1.7303113177080292
0.0,-0.11863615947459362,1.4961653828222508
1.0,2.186612123181922,0.359018896787605
0.0,-1.0952681639388107,0.5113992261934711
1.0,0.012099002456624541,-0.09797882462785257
0.0,0.726781387326072,1.0294301589201194
1.0,1.4741636851037991,-0.427004395393875
0.0,-0.8874162077228323,0.9752040332402552
0.0,-0.8250298690429102,1.2011207647890698
1.0,0.3073307814940807,0.33861188938839804
0.0,-0.22618916381889526,1.2856424813024834
1.0,1.9462105804281102,0.2583041951097384
1.0,0.7182528074586416,-0.46685332698235366
0.0,0.15251505498039317,1.415479953235562
0.0,0.9941770913982584,0.9824532332385019
0.0,-1.201689515505032,0.48063165139778635
0.0,0.9571108375271723,1.0964187697931835
1.0,1.8269898541498946,-0.2919912493322906
0.0,0.014118430278303257,1.5684670059476717
0.0,-0.6509325904509102,1.2431523778929754
0.0,1.0659891847679919,0.978687131715212
1.0,1.2565815292326323,-0.07719522291910702
0.0,0.6993827538829258,1.1867562392860387
0.0,0.41064646338119803,1.0818707899201012
1.0,1.4306818982722176,-0.20010717111242635
0.0,-0.6386538578134892,1.398910605623393
0.0,1.0834702943302779,0.5040070403586051
1.0,1.9108397553225847,0.3731974498541632
1.0,0.7260586196420172,-0.6002892117743324
1.0,0.7947568932431553,-0.5772514348176877
1.0,1.548933432003403,-0.1091583759670751
0.0,-0.7301223475730911,1.120665207202023
0.0,0.2932166144613474,1.726051655302967
0.0,-0.6820252746383286,1.3140236953342894
1.0,1.9714014957324628,0.27740295029476497
0.0,-1.0303950027393807,0.6709759032655878
0.0,-0.8976225353349312,1.1936969952211594
1.0,0.6911383667699439,-0.7014967859067184
0.0,0.014412948593579333,1.4716565263637538
1.0,-0.22641716788655553,0.27286942419547905
1.0,0.305068159393833,-0.31116226403706293
1.0,1.9839063016432597,-0.37641249439811547
1.0,0.8433968798933758,-0.4850631745410276
0.0,-0.7671689025016576,0.8542053156483779
1.0,0.320978036219263,-0.06857767464996029
0.0,1.1342155280026016,0.9359213529171132
0.0,-0.5331441726698678,1.2641469395194505
0.0,-0.24169338173431976,1.3915903533145602
1.0,1.7349484919526184,0.4838547871746452
1.0,1.723372567905804,-0.4788893438399523
0.0,0.7550760810785508,1.2374976213414706
1.0,0.21724061209442558,-0.5451854051957242
1.0,1.1339737850331189,-0.40004939346797863
1.0,1.085778994100936,-0.5470476072932807
0.0,0.6593791747932163,1.3418857817594985
1.0,0.26565359048771126,0.7742631558993088
1.0,1.8531744682570965,-0.14889224892454417
0.0,-0.9633213627275429,0.6375114051255526
0.0,0.0527554852738836,1.6346172723479109
0.0,-0.5382362549427703,0.7571431606177565
0.0,-0.6119407164115969,0.611003064416511
0.0,0.20938469079633001,1.6435120811611479
0.0,0.7425068715429163,1.215589815571068
1.0,1.55682492881342,-0.2760015538917643
1.0,2.0959170999059875,-0.3190700823288642
0.0,-0.15799397620496758,1.0307373309087682
1.0,0.33934822195455683,-0.07830198719569054
1.0,0.732898384738231,-0.5008987918175954
1.0,1.7607002746767217,0.6347934027463191
0.0,-1.0871331942726086,1.0019221189914957
1.0,1.8525572282421812,-0.10390527245627929
0.0,0.21418342255903988,1.103357110136732
0.0,0.3838161401014008,1.2792932936820316
1.0,0.27760760219356195,0.07306585044617919
0.0,-0.7169201253082,0.7944364261670981
0.0,0.9905570206596512,0.854641508942384
0.0,0.19391516889203908,1.9300650989561463
1.0,1.871343474421088,0.1868518267691874
0.0,-0.6626777965351976,0.4491022660830153
1.0,2.14514590135073,0.1603125761117109
0.0,0.8342935337898283,0.26246329089457865
0.0,-1.0436305760854854,0.37453240485515144
0.0,0.88666753463646,0.7352078855445832
1.0,0.8647767683409597,-0.24887837670116503
0.0,0.34827968477520305,1.62839066983189
1.0,0.6515669532255045,-0.8392789739270521
1.0,0.020341728345055127,-0.04748973979832836
0.0,-0.7537674952528517,1.1801862265567509
0.0,-0.6066454790627039,0.546889697187884
1.0,0.5986165434484532,-0.026869620604706185
0.0,-0.7209703695448118,0.9104976628469796
0.0,0.02617820133434548,1.0903025253620036
0.0,0.7318626546811207,1.5829721650176065
1.0,0.8770230879288474,-0.5909667872761183
0.0,-0.9194420837084858,0.41803971322967765
0.0,-1.1936214922474615,0.8111808416892949
0.0,0.876942870714318,1.1444388491760298
1.0,-0.01773803526897337,0.14143576367020613
0.0,0.11929947428188803,1.420636165818685
1.0,-0.1325508423377689,0.22016873257493882
0.0,1.1240463479413163,0.6018797988529272
1.0,0.42111036833638704,-0.6304414016170375
0.0,-0.2873723862602424,1.4846254395860892
0.0,-0.6161677644838672,0.9529265158039938
0.0,1.2734345636640414,0.9678348051027177
1.0,0.0621834965815471,-0.05629474205444797
0.0,-0.9437575569208915,0.5546776427470034
0.0,-0.7751601050221664,1.0521273518313123
1.0,0.4852626348773447,0.071729116985356
1.0,1.87954940250516,-0.20001689592004207
0.0,-0.4170776636217083,1.4808992185927332
1.0,-0.07776054355661227,-0.16541878407910968
1.0,1.5479204915926421,-0.15638759891254828
1.0,1.9953317460872422,0.34264320053728686
0.0,0.5918675372662109,1.0718288764653923
0.0,-0.17923139169321028,1.4858752800627908
0.0,-0.7631613785082981,0.5993468662144511
1.0,1.8619354156067502,0.04450716117947146
1.0,0.9207948661575741,-0.4636576316417276
1.0,1.8032456493391724,0.0672101828735352
1.0,0.49684553555772937,-0.26360839032829164
1.0,0.33344706183798734,0.025570163467090845
0.0,0.6658180244363645,0.6148167877154909
1.0,2.054797724805318,0.18315226889568587
0.0,1.063517043705312,0.7223912308639792
1.0,0.04474998149379159,-0.010144281114772766
1.0,1.067933928893694,-0.6412724076464293
0.0,0.1937661649048785,1.3745084631194469
0.0,0.9240895571071082,0.6790473627901528
0.0,0.8505758427514344,0.9894337488361679
1.0,2.1549705954875313,0.054172212244814555
1.0,2.0619172017564433,-0.26964876226339074
0.0,1.210519879435455,0.7921061068073183
1.0,0.5289663119578873,-0.6660629599078973
1.0,0.3431817935077489,0.37472327527916327
0.0,-1.0107480433443876,0.6864598590140694
1.0,1.6659967289834217,0.08106045875647946
0.0,-0.6001939676488097,1.0853658852348165
1.0,1.3732234812207667,-0.4753853264612681
0.0,-1.1321100533719946,0.9755396280889682
1.0,1.5472245847218864,0.21612947109543157
0.0,-0.1467014067394285,1.3569670522796793
0.0,1.0050314858801295,0.9596537710542803
1.0,1.1612577477269581,-0.2505810721656066
0.0,-0.6917430469999105,1.167514277233562
0.0,0.6812952932628835,0.7482735640884418
1.0,-0.243622790436598,0.35716543180474125
0.0,-0.40087620911657695,1.0822469758842055
0.0,1.313897624600433,0.7769981556498886
0.0,0.1672821982009023,1.5261562270068327
0.0,-0.6825995066408884,1.2752938390435298
1.0,1.8393678998245164,0.5311750497363898
1.0,-0.16730890550208224,0.2970056765017866
1.0,0.07543922948022311,0.3920056464303451
0.0,-0.10912316503273753,1.2387981788097882
1.0,1.5472537771136692,-0.16545352156825044
1.0,0.5924641314941971,-0.2809919621289091
1.0,0.991483507158625,-0.9053807999204988
0.0,-0.1300834807847392,1.789715437716283
1.0,1.8241467828163915,-0.23463899316537654
1.0,1.451713851347768,-0.18040613285769105
1.0,0.35252763197858,-0.17067114589385163
1.0,0.40091679981563244,0.017062472373056525
1.0,0.21021069708947349,-0.4626113340490857
1.0,2.101439701289566,0.3679935683421497
1.0,1.672142278288511,-0.27086618855964517
1.0,1.8096328745693897,0.16722401936208142
0.0,0.6179906687704682,0.922152274009083
1.0,1.1848810239064411,-0.5604290732728696
0.0,0.5027270506482383,1.0576955527342533
1.0,0.259047300907856,-0.4351661718568911
0.0,-0.013778847267858135,1.2779364829425428
0.0,-1.1746286166046152,0.8878241908515305
0.0,-0.2642399079150274,1.415608860555703
1.0,0.5235097688820837,-0.5416477209013224
1.0,0.3101123599262017,0.5315122413799538
1.0,-0.2924784199566685,-0.1480511973199089
1.0,2.000898422993619,-0.17551765062534577
1.0,0.4581389965258367,-0.2812841378209763
0.0,0.23159863032633593,1.424841952464463
1.0,1.7601167013803858,-0.5247908768671838
1.0,1.3624266229200164,0.029895002944345495
0.0,-0.7058498079041984,1.0744512877681691
1.0,0.24505096744691207,0.05337807788770094
1.0,1.3858161938489455,-0.2811018042439053
0.0,0.6354064008824556,1.0915881109286887
1.0,0.3110117908549822,-0.37668069698211337
1.0,1.5303370052756025,-0.05418484425338416
1.0,0.7871947899654568,-0.5335383932636251
0.0,0.7603894641365927,0.9227853840582415
0.0,0.15915667751595608,1.146754838739703
1.0,-0.019722848467205983,0.038181563343464064
1.0,1.994672931466835,0.34488531724571914
0.0,0.3573918884352779,1.3718770489810597
0.0,0.6082537299636853,0.5312532185166425
0.0,-0.21043736212362818,1.2878352433707865
1.0,-0.023928622243888614,0.1828807397397617
1.0,1.8191136273011999,0.19686993852151036
0.0,-0.14200640014636107,1.2339726522978562
1.0,2.0487510525580204,0.5814900079372276
1.0,0.4544484322592236,-0.442033923905428
1.0,0.3902824259099184,-0.5848372535510886
1.0,0.8446627276793413,-0.7069419148931662
0.0,1.0082133632055916,0.18199935609956058
1.0,1.7933015752195518,0.19519394218083497
0.0,1.0287720705022332,0.6229275554383849
1.0,0.6968717332019637,0.04625296692687464
0.0,0.3188511741300081,0.9050359213233611
0.0,-0.4897162327990401,0.7476363585200558
0.0,-0.6497813264760741,0.9973914091164432
1.0,2.1480041112514168,-0.012925401661724005
1.0,0.9574529078126107,-0.5807649942210061
1.0,-0.08522857287715001,0.5152698500669151
0.0,0.9904592334673752,0.9281229014112097
0.0,0.4109923508701442,1.7142905230759093
1.0,0.8586368813949347,-0.7397511653670223
1.0,1.8460804889261253,0.3238204999099583
1.0,0.5849674497040642,-0.3992681774650318
0.0,-0.5375529456947309,0.49559664666214265
1.0,1.5139456661229573,-0.3582502451516663
0.0,-0.9666054815785888,0.9054861753429739
1.0,0.27976468211201033,-0.019195683228259007
0.0,0.1514692106876743,1.4896509459924028
1.0,0.275194896089932,-0.2210701135382982
1.0,1.0262298320416516,-0.7462261411422874
1.0,0.07099090761382162,-0.17429331321471883
1.0,1.9392946132621884,-0.06775306395215425
0.0,-0.6173695089365664,1.3269197515353492
1.0,1.5751102731765578,-0.5439455062304871
1.0,-0.12436280579058687,0.5728762240596603
1.0,1.8563574832743424,-0.3187313340017267
0.0,1.215875147693743,0.9781231368458304
0.0,0.2827293978126759,1.1761794393455844
1.0,0.10153866379088962,-0.20216217348262766
1.0,0.34245098092054704,0.016786028717871992
0.0,-0.7715041154997513,0.8903704115642311
0.0,0.09864914404850708,1.1870193486081009
1.0,0.06850505048029655,0.09971059729822807
1.0,0.5005078752599085,-0.4784218892626657
0.0,0.3290206230981663,1.3489447261890617
1.0,0.276428425793647,-0.3535276748426604
1.0,2.142956999183851,-0.01225526451906668
1.0,1.3013613550370215,-0.3569857687568557
1.0,0.2691278897276298,-0.2967914840043494
1.0,0.4921076808480991,-0.32556450556479233
1.0,1.554250238593771,-0.04663679252602912
0.0,-0.004804107535973906,1.2323129984949128
1.0,1.1993354372440959,-0.08024330085399445
0.0,-1.1236043210314561,0.32652260310542297
1.0,0.6060654127251816,-0.573528219358318
0.0,-0.8970486740268429,0.8314309315444907
0.0,-0.1586118160595477,1.579354407486894
0.0,0.4996207771487108,1.1629313377570902
1.0,1.5426730944079245,-0.3841961501908578
0.0,0.6335020218550008,1.1880413215856704
0.0,0.3856449873417456,1.4516276300491113
0.0,-0.9862421273106137,1.2186129832493706
1.0,-0.1942784153352513,0.06456916668212685
1.0,0.49864845662336493,-0.20207031344195137
0.0,-0.2065770853865177,1.426218400496432
0.0,0.7851545833506953,1.387361208527781
1.0,-0.00432840866437826,0.3290404770735176
0.0,-0.972980440097325,0.5254799319453245
0.0,-0.9463982109810501,0.5803013393337415
0.0,-1.0694108834156921,0.5628617437319572
1.0,0.3255255598833595,0.09887289433601626
0.0,0.43252415615540324,1.1612453758279524
0.0,-0.0710795302935331,1.2444378205305
0.0,-0.21370284317429467,1.413748578604081
1.0,0.1426341022705744,-0.37034765514665485
0.0,-0.4269003588511632,1.1904130171724767
1.0,0.025765193475578013,-0.11898253808382041
1.0,1.569809207984871,-0.1715798445865012
0.0,0.5479146893536765,1.3123085265228376
1.0,0.5330215803060627,0.12466367119613359
1.0,1.268924629641266,-0.6372647937392782
1.0,1.113942972363883,-0.6278403235106849
0.0,-0.7797645517348236,1.4962039048626732
1.0,1.7465277472382055,-0.18163686658668388
1.0,1.087391722397175,-0.4065247435593774
1.0,1.7952532531659455,-0.02239110514856192
1.0,1.246597671391166,-0.5585110101988914
1.0,0.10646997643057535,-0.11708295887730014
1.0,1.7570171868105164,0.4122517292587794
1.0,0.628085390177342,-0.44813722524400196
0.0,-0.7661817428638196,1.0073085310834284
1.0,0.16803757740031064,-0.06688756864521228
1.0,1.0576369750112207,-0.4132369704863493
0.0,0.5914407809061297,1.1230483794190391
0.0,-0.7100913967044934,1.2618573546648637
1.0,1.5009602515713802,-0.5557556246669102
1.0,0.16597638188962913,0.44782692500956034
0.0,-0.6571872908091771,1.3084348022591685
1.0,1.4166404876550518,-0.4347779999903623
0.0,-1.173566263298267,0.6421664545706784
1.0,0.38116940343058575,0.03024141589693146
1.0,1.8776711357724116,-0.06350348385844584
1.0,-0.1514001866063149,0.3162965024284493
0.0,-0.6218433959161846,1.2776056923078531
0.0,-0.6255905553985607,0.8127506440627469
1.0,0.10522523667139372,0.4817546368638997
1.0,-0.13120350648317547,0.4663125581691482
0.0,-0.13597563519549954,1.7748746400860114
1.0,1.9923459825882985,0.23268346029889822
1.0,1.5388074006631987,-0.27723222373059264
1.0,0.7475528636933757,-0.24926673683882855
0.0,-1.018929086865013,0.6379619055363311
1.0,0.6325411688398723,-0.48358015889878664
1.0,2.277423617486731,0.1850601684036503
1.0,1.8074326757233676,0.25178582660328735
1.0,1.8788616259439275,-0.24674537766853388
1.0,1.5179563978505606,-0.5178379834213946
1.0,1.4562562989605143,-0.5061259895041227
0.0,1.0438704512923216,1.1072391614555266
0.0,-0.610463918847368,1.1639842713440696
0.0,0.09511808443790717,1.4102297808484798
1.0,1.4477325299062695,-0.5609846118137904
0.0,0.8956343403000637,0.7216798736513148
1.0,1.335323465914511,-0.7460592047174954
0.0,0.1224132572619689,1.252043145978883
1.0,1.7068616252137774,-0.3833703772021064
1.0,1.1337952633271153,-0.2696044887445879
1.0,1.9976694390061558,0.03501768382054975
0.0,0.5411948759434259,0.9186296796224533
1.0,1.4788273912231675,-0.2817460530963959
0.0,-0.7142670943047834,1.1339687107902128
1.0,1.4195929423124403,0.006396651632285644
1.0,0.5495882300825808,-0.5059432499298435
1.0,1.308423888510641,-0.715076037069239
1.0,1.8379345355401482,0.096084829297714
0.0,0.0225935042683012,1.4923481757488077
1.0,-0.0343925180391203,-0.10329100196316796
1.0,-0.1638656937471843,-0.41568973761142924
1.0,1.680931972314549,-0.3496673071475977
0.0,-0.20964901430779434,1.5847531609401653
0.0,1.0173348233798853,0.46227210244156913
1.0,1.6913921120166757,-0.1942934936217732
1.0,1.3234551589361652,-0.5127176996608674
0.0,0.5780585273415075,1.1688203704567297
1.0,1.582384303515617,-0.5308811646136974
1.0,0.11241295163932113,0.06113471709039573
1.0,1.0076836413368433,-0.5226325770185408
0.0,0.7826205764514347,0.7233856879326674
0.0,1.1483487649432633,1.0500822227019797
0.0,-0.4640092354931534,1.1766161194528588
0.0,0.32616302216349874,1.3542496970638833
0.0,1.1122639855828789,0.48025612745969326
1.0,1.807182177678294,0.4708717537056027
0.0,-0.5255815472079597,1.4445867974960733
1.0,0.7735756281214116,-0.3494053636085571
1.0,0.012789538163281364,0.6746171124626499
0.0,-1.0037873597759526,1.0318685750547982
1.0,-0.046978496119335966,-0.26782430305723304
1.0,-0.041985588121501216,0.43253033993809153
1.0,1.6184116617165738,-0.4272982407145805
1.0,0.8311094592192894,-0.46535618500508896
0.0,0.23412706183073273,1.095114150747583
0.0,1.1071976831939465,0.9673472017571264
1.0,0.9280832399360597,-0.21700128716479875
0.0,0.5057000598783776,1.2353306813808764
1.0,1.7882473993561043,0.29060877957284353
1.0,0.7571307684247177,-0.38214540913115636
0.0,1.1324662968227306,0.8978006453056053
0.0,1.1620778835551162,0.40162922147566243
0.0,0.11131872350802582,1.2394721429279654
0.0,0.5519089466573044,0.7457618011231077
1.0,0.7347215288362804,-0.26565510613760246
1.0,0.17705918006885538,0.38751713053698844
0.0,-0.28761045823579146,1.4763856782618254
0.0,-0.08007505586091901,1.399406480514107
0.0,1.221579289907206,1.214594951054262
0.0,-1.0424957584228292,0.38236127531927755
0.0,-1.0212286521455782,0.594269433449004
0.0,-0.7287924292518099,1.3894971861125671
1.0,0.062288250157777614,-0.5277738615703347
1.0,0.3915179868731487,-0.46849469820453704
1.0,1.9049264732749263,0.38977823484288465
0.0,-0.7980733832031751,0.9281849547676032
0.0,-0.38230745794653254,1.5398585579273223
0.0,0.3101617929824445,1.1441273697564665
1.0,0.7743880126049338,-0.2711393371309242
1.0,-0.11764169876689698,0.09516459842211178
1.0,0.29533419463038985,-0.172606186857538
0.0,1.0434585747837668,1.2435066057495916
1.0,1.3396079670471717,-0.49226272330584697
1.0,0.20171730424151593,0.25828441754461684
0.0,1.1805892066283241,0.29597660251187147
1.0,1.9767088135585222,9.621010055249624e-06
1.0,1.1322934516231646,-0.45389012057008743
0.0,0.5856638521241856,1.270757659661022
0.0,-0.426261212516901,1.4279850793774167
0.0,0.8449127740545814,0.7511732213535632
1.0,0.7576980974805566,-0.7152880061588383
1.0,0.3178296983365352,-0.18132345482469697
1.0,0.4586059709880569,-0.38248894055781224
1.0,-0.2286745766132582,0.551442406650488
0.0,0.8154555201648942,1.028515796304596
0.0,-0.9833909481679836,0.6774589689040209
1.0,1.2658551264706133,-0.49178843855627646
0.0,-0.9554979754761243,0.35336262125337653
0.0,-0.40922057023883873,1.195715880667432
0.0,0.8520342695665737,0.6263101614886624
0.0,-1.159112304728974,1.0639800672771693
1.0,1.9133532323749929,-0.18537725801617333
1.0,0.13223416541041738,0.2419003829941381
0.0,-0.8630068354916229,1.0855140347532912
0.0,-0.08972407220664716,1.4877615138276927
1.0,2.155199738603146,0.38695120564327523
1.0,1.781216618915099,-0.17744193483068993
1.0,0.9058854982719395,-0.5270971258632335
1.0,1.9538729776519448,0.41049826447959237
1.0,0.8673081121973862,-0.34864089676538423
0.0,-0.6465573234401949,1.01087960006965
1.0,1.1284822140325885,-0.5352962092981847
1.0,1.159856167705838,-0.49821535484045365
0.0,0.1052098648629585,1.323583671133938
1.0,0.5010378608423263,-0.40531087868015464
1.0,0.7968331805079898,-0.5036241706222769
0.0,0.9641310304158993,1.0579553444204266
1.0,0.7414881986655577,-0.028209595794376985
1.0,1.4166338367638962,-0.04716744393966088
0.0,-0.7821711602830937,1.5427970841967324
0.0,0.9137182127006082,0.5371484148916097
0.0,-0.969527155622942,0.6790671995586814
1.0,0.4594133364376473,-0.43556195395512487
0.0,0.2795475122266853,1.2919834419611897
0.0,-0.673742435795282,1.285832525426967
0.0,-0.2122609458628722,1.5319789919207336
1.0,0.14987070876367384,0.5956466573712123
1.0,0.0656718839832184,0.10591873069961977
1.0,0.4103108037053492,-0.5441297535749
0.0,-0.9349310935077539,0.7047527282946113
0.0,-1.1533313860408758,0.9022441759865528
1.0,1.9306839407291567,-0.10930770258969497
0.0,0.42263404289286344,1.628485726815566
1.0,1.7462740183027339,0.16179228366611398
0.0,0.4509088696954344,1.0934615161181533
1.0,0.2773360193069226,0.25438016361585786
0.0,0.9609781125079964,1.305143430167979
1.0,0.3712100458762967,-0.41658592403189265
0.0,-1.1466893860769596,0.4026410282644233
0.0,-0.2845446959144328,1.3338878708832833
1.0,0.3851547100351227,-0.6432985504110948
0.0,0.48230184549622135,1.201739786631117
1.0,1.6861288021506309,-0.13780198836266788
0.0,0.5335130967972811,0.3030735588953988
0.0,1.215980393956782,0.9052999310327575
0.0,0.12513997943774025,0.954850596681489
0.0,-0.3104179823826249,0.9261539076710894
1.0,0.48734035672608045,-0.17083987782762564
0.0,0.5199784744527918,1.334073772314581
0.0,-0.08604632652938773,1.4250111115149933
1.0,1.0471652214754472,-0.5607904366402804
1.0,0.14922927133910233,0.09503606151640409
0.0,0.4353848655594139,1.2558542218406115
0.0,-0.7492327638073878,0.5781353146893623
0.0,-0.46307698431369426,1.3644377617632744
0.0,-0.4452911885673227,1.6231526643904592
0.0,-0.7969441521919168,0.9509462117033721
0.0,-0.6010225916116172,0.9411194997526353
1.0,-0.12095408850710745,0.7036504393501057
1.0,1.8322088933789242,0.14472971387107936
0.0,-1.143404835343838,0.4100252670561443
0.0,-0.15545521559700531,1.3267777007679609
0.0,0.10261453315673064,0.9948772314366524
1.0,1.5230736102170004,-0.113795637677131
1.0,1.2912024577966033,0.06516973364026496
1.0,0.6161138717043793,-0.3346350740179591
1.0,1.0615493921827228,-0.38782760635334024
1.0,1.841577274465087,0.04881342196209115
1.0,0.782740637079825,-0.42810369051071256
1.0,0.16048577149523627,0.8000705589969507
0.0,-0.9473746100169905,0.41263558452999777
1.0,0.9028459214634572,-0.08486242624160606
0.0,-0.9122662907449897,1.008096052508492
0.0,-0.47152875424061264,0.9955358447565006
0.0,-1.0238890918483097,0.8310603733278427
1.0,0.6810775334157547,-0.3023073956344843
0.0,0.5947648969805326,1.096297770443675
0.0,-0.5430378995009097,0.9283930062289595
0.0,-0.33067698701800863,0.9143222061610466
0.0,0.8099172581250746,1.1216778553899378
1.0,1.3826804231622682,-0.6515357526510043
0.0,0.44611228683060744,1.1672405251846167
0.0,0.7454898271337091,1.1864463525448279
0.0,0.030400455932595286,1.4011509500225223
1.0,0.0008017284997590135,-0.0771323349958681
1.0,1.2099754268418899,-0.2535535891363628
1.0,0.5902446668037659,-0.4456154101018554
1.0,1.2522945672676946,-0.04521088977213994
0.0,0.5226543758546529,1.27315087508746
0.0,-0.08468778931848084,1.2443602147837296
0.0,0.6784235182586651,0.9517046553375664
0.0,-0.2828887070401352,1.1172046526760613
1.0,1.2302395964905841,-0.3783427781083343
1.0,1.93813415184753,0.07985148701914324
1.0,1.7520375749694737,-0.28681676178669446
1.0,2.1048566505084874,0.06764749377567802
1.0,0.3385006500094265,0.5299687360241802
0.0,0.8510113784035568,0.8829410387062124
0.0,0.325936207793149,1.4953851644288583
0.0,-1.2218913870233703,0.1117744104122203
0.0,0.7451842741834442,1.0315262777778065
1.0,1.1973675984332677,-0.7342868301551234
0.0,0.6994550828650596,0.5291664599048971
0.0,0.7769996997628886,0.5361612513068874
1.0,2.098647389785159,-0.2856490032803354
1.0,1.49343257477881,-0.6185530496847357
0.0,0.08079734182176761,1.712910183169471
0.0,-0.3884840105822563,1.5201090547520621
1.0,1.6719323291909796,0.008740493784122283
0.0,1.0042562966561124,0.8349970748900664
1.0,0.01245718490751943,0.018581489995220024
1.0,0.7462278232774672,-0.4743569913864437
0.0,0.7300639928331824,0.6061380634963112
1.0,2.107724346815622,0.23488231483478755
1.0,1.559839407377975,-0.48993556487215695
0.0,-0.2150776434771601,1.5045527982494638
0.0,0.5481536427845533,1.3722868264853636
0.0,0.2662714732205475,1.4314168820290494
1.0,2.092320045103319,0.10453094667388282
0.0,-0.645793793533198,0.5314581899407265
0.0,0.9592781422257725,0.44431893661490496
0.0,-0.3099852535501192,1.29244436063639
0.0,0.9133159498429122,0.7461010049810104
1.0,0.4107259109623812,-0.8008261510555408
1.0,2.378783375277611,0.8409594915669355
1.0,0.9978330118636848,-0.6850226053744761
1.0,2.116940341461826,-0.3635790399198094
0.0,0.4306392769095239,1.3123651818895037
0.0,-0.8562761339124851,0.8577552193028992
0.0,-0.1324874102825115,1.3374887035771514
0.0,-0.4586591727957166,1.1746519067884522
1.0,2.104239122776055,0.4866750083540669
0.0,-0.6185256984960333,1.1670608860210434
0.0,0.29758147850850303,1.4114644802465754
1.0,2.111047692295417,0.09336385850521473
0.0,0.805587864303077,1.0297650192834722
0.0,-0.61424099779618,0.9006302329880681
0.0,1.300509124158739,0.591089590972511
0.0,0.8607650261061038,1.1350337470565326
1.0,1.1934730817920582,0.014935206285317304
1.0,-0.28944577033237917,0.3370808088644391
0.0,1.053080511125137,0.34127725739592607
1.0,1.356830668663533,0.16132929040328692
0.0,1.0387546621018642,0.8218767118376403
1.0,0.7560032122658622,-0.39967925375697805
1.0,1.920161082329244,0.31453516313757746
0.0,-0.5303565631777846,1.4842083077456554
0.0,-0.1212757713147739,1.4891098991445184
0.0,0.01850824361215274,1.3155346888528965
1.0,0.5190171618844877,-0.03227465151259706
0.0,0.017184963748429177,1.4450370218066326
1.0,1.4402620179048684,0.12970350414534557
0.0,-0.5438687861628049,0.45452206248556015
0.0,1.4367951353108257,0.9869171186644712
1.0,-0.3511073012193426,-0.07973455298695448
0.0,1.1570730779740535,1.2067895195399059
0.0,0.6233901092820249,1.5712720146693275
0.0,-0.38065824567911,1.2583681301977778
0.0,0.619909308214468,0.628937213185147
0.0,-0.5446231222748693,1.1647971390871312
1.0,0.3676725438321638,-0.28162816992770034
0.0,0.8321920491809427,0.4928598736681842
0.0,0.49989654941131234,1.4363463303267712
1.0,1.0465531663536285,-0.580289616306682
0.0,-0.8208306786832135,0.761077230729297
1.0,-0.1537117196598767,-0.10296660066638907
1.0,1.5969694270734265,-0.6271655452967666
0.0,-0.6958555733439726,0.5442691976721683
0.0,0.3795211266265886,1.2451698812287626
1.0,0.4949148846534204,-0.3968046482499227
1.0,0.20020347413641784,0.42599831513070485
0.0,-0.3094478969887888,1.508284538248006
1.0,2.1593355621443986,0.46568476099037415
1.0,-0.07936283431093334,0.41684768141984846
0.0,0.6787451191660666,1.1585708226561393
1.0,1.5915229173454835,-0.021935620985969635
1.0,0.49021442665820053,-0.2555888474147078
1.0,1.7058822378763434,-0.17676225954598418
0.0,1.01728915698195,0.7634481195282307
0.0,0.9960609387122819,0.9165505251174629
1.0,2.018280202091631,0.6426820440440753
0.0,0.7657322698451259,0.7100093032091445
1.0,0.04831403082663083,-0.42421716879244675
1.0,1.1710319387191812,-0.5589730182868644
0.0,0.8916286660485638,0.2107854720507717
0.0,-0.6540482585094077,1.6027336011989908
1.0,0.3118408096890133,0.0554084463008894
0.0,-0.620835734878509,0.7844822677552729
0.0,1.010204752927681,1.6065776503925688
0.0,0.6326063380649697,0.394953631458692
0.0,0.8287165263381376,0.8884057623037167
0.0,-0.5060882105814536,1.2752000483197083
1.0,1.8063122797288147,0.40833006138109984
1.0,1.1955795791928276,-0.30223404202881554
0.0,-0.6796101501612366,0.39744918072522856
1.0,1.308793951227354,-0.5089582751142503
0.0,0.132014304570984,1.3625886194826973
0.0,-0.3636918266704928,0.8980017349729927
0.0,1.0141126780661176,0.7471981741966204
0.0,-0.4647305207691268,1.296252337256063
0.0,-0.6934103778725514,1.1298556569392972
1.0,-0.07343671678692043,-0.3305880482529133
0.0,-0.6774030356416566,0.9566057142123435
0.0,0.9838719900253049,1.0106114895292626
0.0,-0.07986905334899197,1.5226131209094098
1.0,0.07257020395258817,0.4014562134638032
0.0,1.157089116248551,0.5616813069675142
0.0,-0.1300343506439257,1.3793249336239026
0.0,-1.0163687034692572,0.9704601199844874
1.0,-0.06125316581477731,0.4023810545868879
0.0,-1.0535625196343692,0.6688183497025192
1.0,0.3229225985097113,-0.39094986511571006
0.0,-0.8921139904661985,0.9225883413696797
1.0,1.5058627294284805,-0.6104474172513439
0.0,-0.6747438515581583,0.4796330989615378
1.0,0.1340642081890791,0.10884019064784467
1.0,1.5963734814175312,-0.6058093172135047
0.0,-1.1770978661521525,0.5633081000970795
1.0,0.06231685621113338,0.5105215385443647
1.0,1.9262831779805245,-0.06370795416885376
1.0,1.727030366963294,-0.3579631344613774
0.0,-0.6312828674050671,1.2727924094671188
0.0,-1.0062670525311894,0.026894240475469844
1.0,1.8193581968498558,0.1822191088381602
0.0,0.02273377942130997,1.2718668580890884
0.0,-0.6702971371418234,0.763050453618088
1.0,1.8502266061193082,-0.45232718326071153
1.0,1.4660671099411056,-0.5392689676337522
1.0,0.4205012550542746,-0.13815064958606538
0.0,-0.876772692887066,1.280126790185197
1.0,0.20382825742318306,-0.021195755666813407
0.0,0.5501201967016145,1.4347397245260831
0.0,0.5618709107541403,1.3374718300613964
1.0,1.9054109959265375,-0.07123194704637757
1.0,1.6245324200772113,-0.373116445760018
1.0,0.49574246497684565,-0.5816421938550498
0.0,0.7328096358783293,0.8099730102947407
0.0,1.0518914412442044,0.4096531541464931
0.0,0.767051644902311,0.9188802355449434
1.0,0.6378186646908909,-0.5658440859876646
1.0,-0.16248071371584444,-0.10508630491612286
1.0,1.1234144753366269,-0.19551152699977808
1.0,1.2218871514721927,-0.44210395076997944
1.0,-0.051639994234653305,0.2580541277131781
1.0,1.9837663628156965,0.17770349752944872
0.0,0.1405551831579171,1.3606687245558406
0.0,1.2124650959363226,0.7803042126904718
0.0,1.0851804133741236,1.0373968088364842
0.0,1.1867988767337745,0.9645707855482079
0.0,0.8192904162892266,0.938170500595652
0.0,0.08712223637266864,1.2961846103842105
0.0,-0.6851216423248871,1.2962688236805289
1.0,1.7702468176342834,-0.3234456908541959
0.0,0.7920177009312374,0.9305062261342358
0.0,1.2529044418403172,0.43056386880997616
1.0,2.1060203785965905,-0.5449531320404338
1.0,1.6377362281941665,-0.1778023858264644
0.0,0.13992765642966928,1.0172393082057711
1.0,1.2790004695621222,-0.5058683667219445
1.0,-0.4785895214138164,0.6836835672707844
1.0,2.1748030522425297,-0.2968992808119032
0.0,-0.8334445660622356,1.1625324676374245
1.0,0.4257731787954377,0.06961079542989967
0.0,-0.5254803930858681,1.5383599158175705
1.0,0.38028232143965535,-0.1266268985379004
1.0,0.38580720736208207,-0.2525177950296684
0.0,0.8554064489672072,1.0468804986594782
1.0,0.3952910741422466,-0.4054203687793755
1.0,-0.30437953380251836,0.5718931473233395
1.0,0.9501889760741411,-0.5327970913831976
1.0,1.501684843076833,-0.7906454435192042
0.0,0.40396581703948653,0.9957431209639119
0.0,1.0650109259731102,0.7469303682991102
0.0,0.6885481483530089,0.6555755334561745
1.0,-0.007880042058350599,0.05675506174216868
0.0,-0.9944533932706392,1.043230505135953
0.0,-0.7341605869543083,1.0275027839824413
1.0,1.9653364752612692,0.28224958360878466
0.0,-0.9692268810455309,0.7201935698546474
1.0,1.9121329147328083,-0.2811590776304616
0.0,0.44863596625059976,1.2478604965571605
1.0,0.5813158033855901,-0.46031434773235236
1.0,1.5043643514888756,-0.1867728876472272
0.0,0.9745459480371097,0.4077374434679759
1.0,1.6609597820684472,0.12519776364582436
0.0,-0.6555881103010373,0.8120199501259423
0.0,1.0289541055077043,0.4803542941584552
0.0,0.9639039262886574,0.7763733117913486
1.0,1.4365052936192246,-0.35475228792114866
0.0,-0.43174354550889305,1.5275464295621597
1.0,-0.16799309420087288,-0.10322454400704248
1.0,1.8771902305903723,0.36842892277823586
0.0,-0.8946183166969319,0.49648009123365583
0.0,0.5553412256975394,1.2713419306127156
0.0,-1.0368062857435927,0.5450949490801931
0.0,-0.5025696695621841,1.2018803330825842
1.0,1.5108179336790353,-0.1687312745460969
1.0,1.792226883916048,0.01808421409313296
0.0,-0.15025661838185583,1.7504801931498983
0.0,-0.11454202529590231,1.5025451155237586
1.0,2.197628690321886,0.3596550743871067
0.0,-1.1016466949061052,0.5066577703822366
1.0,0.0074539332015996634,-0.10748213430981976
0.0,0.7299594390180908,1.0231349934396285
1.0,1.4761122133158175,-0.4285911398309814
0.0,-0.8878324226557573,0.9807645997185437
0.0,-0.8304488602867958,1.2075096752484376
1.0,0.3230038601604702,0.3420429802179156
0.0,-0.23401012067161991,1.2794923011890855
1.0,1.9437279514202592,0.25235529213904273
1.0,0.7083410043625412,-0.4653092542127367
0.0,0.1503030816631352,1.4173771620711428
0.0,1.0060409655204112,0.9800897048992583
0.0,-1.2135437155518352,0.47664272647525086
0.0,0.9648150896983387,1.103186472500353
1.0,1.8321762506260302,-0.29823831656391164
0.0,0.021637456458630244,1.5782359967280426
0.0,-0.6578868067498099,1.2427366769175503
0.0,1.086193204404813,0.9712883889505782
1.0,1.239530662540195,-0.06336617857445903
0.0,0.7107488015999713,1.1821865660502644
0.0,0.40951654556251715,1.0696214394182118
1.0,1.4315714209983148,-0.18844803395871232
0.0,-0.6440799062310719,1.4076816254112559
0.0,1.088107532904182,0.5097852092674166
1.0,1.905996663516721,0.36965120802482826
1.0,0.7075908952973032,-0.6059559058994334
1.0,0.8063917478234679,-0.5865447567587104
1.0,1.541130415464834,-0.10275647773000386
0.0,-0.7260946646531602,1.1275638396999859
0.0,0.28158440906044335,1.7516922347959705
0.0,-0.6941828083800011,1.31556616847163
1.0,1.9698149407737768,0.26553653512111447
0.0,-1.0340970969675132,0.6712089792744464
0.0,-0.9041222674535659,1.203069231436508
1.0,0.6895221093153192,-0.7149095326169013
0.0,0.00015169326688635465,1.4777181772698684
1.0,-0.2412848757135589,0.2760336849259699
1.0,0.30951471125050267,-0.32111581767630304
1.0,1.9928136824810085,-0.3935904306357318
1.0,0.8463614692333613,-0.4854717538769877
0.0,-0.7683588822589665,0.8424263492185721
1.0,0.3116078161752638,-0.05238965439975424
0.0,1.1463670780913193,0.9433421988023512
0.0,-0.523745691634571,1.2726070749661629
0.0,-0.24492694385718183,1.3920663888327036
1.0,1.7202234081722083,0.4829578309065699
1.0,1.735206710401196,-0.4854964163225236
0.0,0.765307493125423,1.238413478728408
1.0,0.20338689343772826,-0.5562586003291874
1.0,1.1431668137301965,-0.39452415261539475
1.0,1.0867966348308122,-0.5497879254357602
0.0,0.6614848545695021,1.350688744252031
1.0,0.28041212329258414,0.7894999978937149
1.0,1.8568940672646814,-0.15061156582818935
0.0,-0.9618588826493543,0.6427326086981034
0.0,0.05793615471233453,1.647697138719312
0.0,-0.5170786977236037,0.7550906143216158
0.0,-0.5903818673233522,0.622725456884095
0.0,0.20837646089447792,1.6584977295497985
0.0,0.7593633545571079,1.2109868611291297
1.0,1.5741470813382763,-0.2652507256814046
1.0,2.1196026911857793,-0.32331046814885916
0.0,-0.16152824364232754,1.0104707096113348
1.0,0.34506016116023647,-0.07454947463950336
1.0,0.7272684480228743,-0.5017172991324761
1.0,1.7475880645749706,0.6467778522746359
0.0,-1.0920301890178916,1.0328626091477053
1.0,1.8508012152350708,-0.11150146086676238
0.0,0.2100602913716913,1.0892375003712895
0.0,0.38863885900843026,1.2750942966842405
1.0,0.28892013009753936,0.07031837549443501
0.0,-0.7030757041913436,0.8020109836602685
0.0,0.9908429884268347,0.8704438348158922
0.0,0.2034381035024112,1.9595272272227788
1.0,1.867248921971306,0.187617987823772
0.0,-0.6469907064250884,0.4336668879646642
1.0,2.1583153369830557,0.16470560368852563
0.0,0.8254114262353558,0.24883289430906744
0.0,-1.0503554708167882,0.3516842091318957
0.0,0.881772140199545,0.741433448878009
1.0,0.8600137619312714,-0.23499524968682695
0.0,0.3648791608024559,1.6411471146581476
1.0,0.6538733623281482,-0.8625257666519168
1.0,0.01330475342472906,-0.04891012506607223
0.0,-0.7627061717478999,1.178791171801885
0.0,-0.5905448043757702,0.5304319318927309
1.0,0.6167334640096434,-0.018022356387164817
0.0,-0.7182882014620348,0.9033614972895719
0.0,0.017438697879431225,1.074040348216116
0.0,0.7490303094842645,1.5983482806183469
1.0,0.8629602416430147,-0.5964930672251804
0.0,-0.9151106360161667,0.41504462184795554
0.0,-1.2128082398177797,0.8046031140837381
0.0,0.8964532136945182,1.1385390632718853
1.0,-0.019372708635995443,0.12998398942985234
0.0,0.12517710413472552,1.4217876838089305
1.0,-0.1399710397533387,0.20712217861686455
0.0,1.138091781681425,0.5858243647865164
1.0,0.42614852529228253,-0.6519801940641532
0.0,-0.28030026943011854,1.4943284284586902
0.0,-0.6052199273674681,0.9513144311182952
0.0,1.2892745997196784,0.9909127220526783
1.0,0.05896726522108746,-0.06080479235574725
0.0,-0.9422657843174421,0.5499008412880613
0.0,-0.7813988069822675,1.0467599664288971
1.0,0.5024201949574072,0.07944793693571031
1.0,1.8747399412325791,-0.22456814617726495
0.0,-0.43252230855777296,1.4859335094187522
1.0,-0.09897610297050041,-0.16248884880459014
1.0,1.5372648543439917,-0.15546954116674155
1.0,1.9959703091005836,0.34384909987619394
0.0,0.5879233187954257,1.0675560202093148
0.0,-0.18643929588257468,1.4907142032352096
0.0,-0.7551094517604886,0.5871571409890898
1.0,1.8614191308838275,0.04647298191434885
1.0,0.9226325775038045,-0.4619899354457624
1.0,1.7992253012357202,0.0700004871281606
1.0,0.5030258226675656,-0.26219802377006596
1.0,0.33850646020332453,0.03547369757746591
0.0,0.6473086208574119,0.6242514261341445
1.0,2.0582220024575313,0.1720360156182986
0.0,1.071541752528509,0.7184080218037395
1.0,0.042130317130606054,-0.015221078939429394
1.0,1.0709579173360761,-0.6491259390715498
0.0,0.20278091120435637,1.3731198372475002
0.0,0.9204475322722288,0.6865761195662925
0.0,0.8473802751282435,0.9989155170897909
1.0,2.1647665249959402,0.04082417386262477
1.0,2.073009803778673,-0.2842691219784096
0.0,1.2222356847042803,0.8123896787296206
1.0,0.5377146563405786,-0.687632766354894
1.0,0.3538174507016091,0.3971845649385234
0.0,-1.013778359754368,0.6861128258137704
1.0,1.6541118617641573,0.08418125294467615
0.0,-0.5875021958233784,1.092343256516311
1.0,1.4046431509936448,-0.4750550560316101
0.0,-1.1484167870461472,0.9772493378046504
1.0,1.5230600670697614,0.21079843184678643
0.0,-0.13045758615342634,1.360218388765997
0.0,1.0068256540084422,0.9778615748214338
1.0,1.1585517488103245,-0.23796286803626548
0.0,-0.6904499772482471,1.1713147518681524
0.0,0.6691222447042534,0.7434530961401596
1.0,-0.25759797276503676,0.35621298102248783
0.0,-0.3969721856774143,1.0711465948332908
0.0,1.3343894138272814,0.7797792158408081
0.0,0.1678601540567545,1.533852804520289
0.0,-0.6908887874495477,1.2769286138352043
1.0,1.8321992376209406,0.5467618488372797
1.0,-0.17789529899605308,0.29763733109485835
1.0,0.07873238733174087,0.3959539038744221
0.0,-0.11493551676356586,1.229843084788337
1.0,1.5415858253832082,-0.16017026722614763
1.0,0.5910256737850774,-0.27302987404438395
1.0,0.9962535443525757,-0.928149926901495
0.0,-0.12760850281636707,1.8122199853944458
1.0,1.837399473326775,-0.23041886155830682
1.0,1.4411199300430688,-0.17563059569643458
1.0,0.3599251313773626,-0.17320861270212748
1.0,0.40408422040367686,0.032159096957016964
1.0,0.20163795289205622,-0.473194330098677
1.0,2.108366694549508,0.3725689947041305
1.0,1.6824306612426392,-0.26516825044060743
1.0,1.8039553239376478,0.1715459458767355
0.0,0.6065694033375064,0.919649086891753
1.0,1.189909016216105,-0.5640342154401086
0.0,0.5274075724705366,1.0387737102460166
1.0,0.25357239733786785,-0.4445439701955902
0.0,-0.020782335342437674,1.271506500707734
0.0,-1.187892823473205,0.8953512123372569
0.0,-0.2697108608888984,1.4172445939115894
1.0,0.5191615112629813,-0.5485565250241845
1.0,0.32683515228707016,0.5407415632020479
1.0,-0.31116042395622,-0.1677925718032678
1.0,2.0113245113499842,-0.18071618454083332
1.0,0.44164817318649446,-0.2708267864955729
0.0,0.23328987082732683,1.4273576633127862
1.0,1.7682120941004449,-0.5378906484500079
1.0,1.346111614706175,0.045704545893377524
0.0,-0.7202214755116213,1.0622289097974136
1.0,0.23482661365145438,0.07417753712460617
1.0,1.3907500268530606,-0.27144772449955146
0.0,0.6373680763382429,1.0855692388166764
1.0,0.3173247036875839,-0.3922468566900814
1.0,1.5193841707546376,-0.046855092460769354
1.0,0.7736222376571891,-0.5354292079552438
0.0,0.7589543406930386,0.91749876402487
0.0,0.13964549276746752,1.1404655498278164
1.0,-0.027972532236530873,0.039795961976341054
1.0,1.9957778368538297,0.3486649318450879
0.0,0.3506320257055339,1.3771048284857184
0.0,0.5926936626359485,0.513034171190119
0.0,-0.23379308936529447,1.2828422709750666
1.0,-0.0314616044872742,0.1907738958583077
1.0,1.812627001430711,0.19960370200095304
0.0,-0.1338734343805303,1.2271094615413651
1.0,2.051731574659092,0.5915092834267797
1.0,0.4420668045111679,-0.44178540052298154
1.0,0.38346208207792526,-0.59658215237602
1.0,0.829298210274439,-0.7188484006149531
0.0,1.0088136532631116,0.1658909115439431
1.0,1.7877943049786655,0.20332588624936393
0.0,1.0332621801364226,0.6176224792090033
1.0,0.713768637335551,0.06518333106599122
0.0,0.3191123984454053,0.880350492164518
0.0,-0.4808517508288775,0.7246965951197201
0.0,-0.6350198653688734,1.008227258123866
1.0,2.165746236292797,-0.010322746078046736
1.0,0.9538390501407923,-0.5852660055579084
1.0,-0.09069117458745898,0.5250805366036622
0.0,0.997581948362434,0.9293251577455518
0.0,0.40377053779087446,1.7405826493889123
1.0,0.8677606275345634,-0.7557282845647565
1.0,1.840917928766754,0.3331382608840454
1.0,0.5769720604917373,-0.3957526978767729
0.0,-0.5280449826913693,0.46171236583557873
1.0,1.512865289125065,-0.3589381536160151
0.0,-0.9707262061354267,0.9085031266924344
1.0,0.28633987818696904,-0.017775173785012914
0.0,0.14773093674717996,1.4959771589902453
1.0,0.27568543018267555,-0.22337711767025298
1.0,1.0131070381882623,-0.7618526889949482
1.0,0.057678609686680926,-0.1715100226025167
1.0,1.938503825786125,-0.08255590493422893
0.0,-0.6109103306786283,1.34066284666714
1.0,1.5691253370093945,-0.5613553248041708
1.0,-0.13145406963960599,0.5814208303276073
1.0,1.86184278185969,-0.3279556608618415
0.0,1.2310868690713905,0.9916059375050944
0.0,0.27539933717990955,1.1687465393159346
1.0,0.09561038441709473,-0.20723550123651313
1.0,0.35195636099983146,0.02103931932263793
0.0,-0.7627333278062455,0.8971060629960981
0.0,0.11579441473044441,1.1764254931700096
1.0,0.07230863578413571,0.07797238473588103
1.0,0.48733831951893986,-0.4791704231220142
0.0,0.3332026892257117,1.347926568768766
1.0,0.27075650160552023,-0.35742185361759077
1.0,2.156651408948092,-0.016095586297868086
1.0,1.3188537712574568,-0.3490455980214444
1.0,0.2737032631891121,-0.30872745310755934
1.0,0.5014600624620953,-0.3305022113422773
1.0,1.542305841013714,-0.04150835639523534
0.0,-0.018683568141639295,1.224690583873617
1.0,1.1992342781294067,-0.058059086612847144
0.0,-1.130473478589381,0.3219404379124172
1.0,0.613388863269398,-0.5859111762420784
0.0,-0.8926206102166336,0.8434901996206565
0.0,-0.1616827649066587,1.5896159503008627
0.0,0.5025352763808288,1.1556245181190525
1.0,1.5406950475489596,-0.3879937235906602
0.0,0.6326256392768361,1.1895685005778687
0.0,0.3915269866914642,1.4567143125449826
0.0,-1.0105592630232352,1.2176399013616503
1.0,-0.20937263446931892,0.06181189415745359
1.0,0.49741056074525575,-0.19230882986110426
0.0,-0.20687824005751868,1.428810580679865
0.0,0.7930851471572696,1.3996387311259744
1.0,-0.005558547897947363,0.32998227149032167
0.0,-0.9728802070749024,0.5200539423010136
0.0,-0.9540893632154741,0.5575824801694822
0.0,-1.0801774927609356,0.5450754353998591
1.0,0.3380775447278921,0.10075705441899055
0.0,0.4312647664259349,1.1540705239671416
0.0,-0.07078173766118687,1.2359580217539468
0.0,-0.21196265760808863,1.416205918433295
1.0,0.13402026524700697,-0.3791522747948789
0.0,-0.417278365305212,1.1898844176295638
1.0,0.017954989182929093,-0.1226876011007156
1.0,1.5597032671178048,-0.17225168039312036
0.0,0.5562309724303212,1.312031819846895
1.0,0.5566579147428166,0.1288772668766236
1.0,1.271224174119688,-0.6463478150489363
1.0,1.1115576378954564,-0.6356304619410218
0.0,-0.8014210040188648,1.5059465270839612
1.0,1.7414132416827033,-0.18924086733001694
1.0,1.0894974227367598,-0.4013997480371622
1.0,1.7920455048368829,-0.022417121824652105
1.0,1.25405954546431,-0.5621129461449909
1.0,0.1094933138482087,-0.13367540506119163
1.0,1.744603996826239,0.4183071270395834
1.0,0.615149803785669,-0.445795849772869
0.0,-0.7676517306857903,1.003663858458226
1.0,0.15975294971063334,-0.057794168464158524
1.0,1.074935886556419,-0.41023504886034734
0.0,0.5946656880628579,1.1162250731204644
0.0,-0.7220523690227372,1.261459965616802
1.0,1.4912227550917996,-0.5734817259500685
1.0,0.17401084001328498,0.45634859289207874
0.0,-0.6657756785387081,1.310874445471961
1.0,1.4266600103329696,-0.4327277331197435
0.0,-1.1854978097592543,0.6398375204383073
1.0,0.39443749763100566,0.03271168233298259
1.0,1.8830624568042396,-0.060087191664754694
1.0,-0.15995530018609747,0.31008805023562286
0.0,-0.6184547443456673,1.2857744101080573
0.0,-0.6145915058893818,0.8041695886150649
1.0,0.10955644201816565,0.49362507798108946
1.0,-0.1410743241860557,0.48118002952714595
0.0,-0.11958622692205767,1.8011255034822282
1.0,1.9946553169965986,0.23504770706152273
1.0,1.5470773445543717,-0.2692541970000985
1.0,0.7588165323033318,-0.2414264050341775
0.0,-1.0199897059553933,0.6501818767460661
1.0,0.621828627342945,-0.4835216355315329
1.0,2.293060973647229,0.17255770342244708
1.0,1.800657919153396,0.25850329951406026
1.0,1.882800745676289,-0.2554956317450964
1.0,1.5137944578232592,-0.529645804047898
1.0,1.46606114895572,-0.508684803080828
0.0,1.0617920103999279,1.1080501638959266
0.0,-0.6126613218813968,1.1608160537311516
0.0,0.09267608608598289,1.411337991799818
1.0,1.4728566056720527,-0.564373208514784
0.0,0.8925708056923506,0.7223358121081466
1.0,1.3462262109779537,-0.7602690503282232
0.0,0.12696418463106535,1.2438688942186713
1.0,1.712394352103287,-0.388307976625711
1.0,1.1107542399295425,-0.2659087127177131
1.0,2.0012808867096243,0.02922688073575544
0.0,0.5348114373419959,0.9055159523715768
1.0,1.4865583906385564,-0.2729238952717278
0.0,-0.7230576031565423,1.1285693661948242
1.0,1.4189600511010507,0.029105304442641144
1.0,0.5550394475584701,-0.5153774050799274
1.0,1.3114616916055462,-0.7288429524756198
1.0,1.84511443863931,0.11284030323315886
0.0,0.03939142111914079,1.4996971107835515
1.0,-0.04022664159780161,-0.1163000195283092
1.0,-0.17786774418087542,-0.4437519087064147
1.0,1.6878705299446284,-0.3506956623498417
0.0,-0.20055685264326306,1.5990334757925129
0.0,1.0183338788189094,0.46373171853870065
1.0,1.686748908571701,-0.19775433779349727
1.0,1.3307398580608945,-0.5144614499645206
0.0,0.5748684506739793,1.1686372018623012
1.0,1.591247605476233,-0.5378077801919985
1.0,0.11174766646380081,0.06358749546818003
1.0,1.0192858603726958,-0.5250255447865351
0.0,0.7754423425909175,0.7185420784899439
0.0,1.1588793392734171,1.0704152756880143
0.0,-0.47714681363001377,1.1656631033021605
0.0,0.32447505429647727,1.355359258024564
0.0,1.1201336812384288,0.4713447973736784
1.0,1.7965510873117991,0.472252625236939
0.0,-0.5281655544100313,1.453854007473789
1.0,0.7784492261533155,-0.3438515701322249
1.0,0.0117447246995127,0.698172915048332
0.0,-1.0121648395918903,1.037976673392346
1.0,-0.05967539599006705,-0.2785589798346275
1.0,-0.04805904410915578,0.4488235733042718
1.0,1.6210506060211138,-0.43320302140002426
1.0,0.8348538224788351,-0.4650047061908439
0.0,0.22920732813934153,1.0811478621897006
0.0,1.1215831080390695,0.9694453830442268
1.0,0.9498206236707422,-0.20759807095938992
0.0,0.511213257125988,1.2309786380947068
1.0,1.777293943717535,0.2884314697279591
1.0,0.7458878424826594,-0.37564350532384877
0.0,1.1487928217997019,0.8951915226444339
0.0,1.1715227932790282,0.39473693077349387
0.0,0.1082940551259523,1.231322503082311
0.0,0.5305776163065994,0.7453964676239215
1.0,0.736006046212258,-0.2549964961499861
1.0,0.18501356259554827,0.3956066595273784
0.0,-0.2973508204669702,1.480980651322532
0.0,-0.06424911620610302,1.4032051590211978
0.0,1.239865226037856,1.2347846121654609
0.0,-1.0451804411257455,0.37539187786847183
0.0,-1.0288432737997677,0.5791080752479717
0.0,-0.7339764582459651,1.4015738406101295
1.0,0.04024787440526517,-0.5381483955774722
1.0,0.3902466724566287,-0.47726655021075404
1.0,1.899653613832524,0.3846549380986616
0.0,-0.8006487854037926,0.9208904078065058
0.0,-0.3904195900850881,1.5492016553865344
0.0,0.32065833476104794,1.1303219363039925
1.0,0.746792038612205,-0.2605055886352149
1.0,-0.12992970295241835,0.09729204680670919
1.0,0.27967747590010766,-0.1596286370049413
0.0,1.068895253736782,1.245334674841645
1.0,1.3386669405625764,-0.49548411905774764
1.0,0.20953529735464504,0.2639612850539627
0.0,1.1906241911638527,0.28969743728589065
1.0,1.9801099906225688,-0.005415059657006713
1.0,1.1217162951424642,-0.454300274780122
0.0,0.5764387248204148,1.2824949296384478
0.0,-0.43488041629705926,1.4316205387842902
0.0,0.8388785510669842,0.7539438488579384
1.0,0.7524581317460031,-0.7278601189074136
1.0,0.32266742574605367,-0.1836776110438292
1.0,0.46146582039528145,-0.3867773699141166
1.0,-0.24195394175094276,0.5622741926210506
0.0,0.8228230977193051,1.0228461865490637
0.0,-0.9826931560329956,0.6878791637356503
1.0,1.2612847431119893,-0.494807283608182
0.0,-0.9530616504760505,0.3487717106178307
0.0,-0.4006496502689685,1.1940268728643577
0.0,0.8441939108166339,0.6323965497874023
0.0,-1.1705336112232874,1.0841288528884117
1.0,1.9291781960107948,-0.18024230324696316
1.0,0.13652747562861645,0.2457247971723311
0.0,-0.867897783350812,1.0884871312100999
0.0,-0.09895539831122566,1.4927996980120946
1.0,2.163878208033459,0.38317034463344185
1.0,1.775265600973552,-0.18956670507716902
1.0,0.9204650506075964,-0.5322537662016557
1.0,1.9518855872917784,0.4134998203295497
1.0,0.8701301886262856,-0.34117529580857353
0.0,-0.6503506226385781,0.9994929206849408
1.0,1.1153455609428655,-0.5410887616266131
1.0,1.1503376629590918,-0.5012515218935312
0.0,0.11828565297055832,1.319810889075101
1.0,0.49726135222898066,-0.4054748664427125
1.0,0.7927769305958692,-0.5042980829794589
0.0,0.9695397226407129,1.0668028549680595
1.0,0.7515203306629479,-0.007641073587066727
1.0,1.4223274312256207,-0.024822654926167753
0.0,-0.7899359783636901,1.5637099332209785
0.0,0.9099144521584123,0.5343282255839793
0.0,-0.9707258810971707,0.6768809924470941
1.0,0.46027174040491237,-0.44136223398000923
0.0,0.28784713395739897,1.286455091614978
0.0,-0.6671863318127531,1.3011097616222045
0.0,-0.2158319695609496,1.539922826100525
1.0,0.1554623016527057,0.6181755261934099
1.0,0.06062357833476889,0.11386944686767764
1.0,0.3940506927875837,-0.5490883376822682
0.0,-0.9313971651317848,0.7186843279855091
0.0,-1.165590719690718,0.9101050823939639
1.0,1.9300517061643272,-0.1245229791236181
0.0,0.42444991135235133,1.645577339145348
1.0,1.7350697917036177,0.16069290651241214
0.0,0.44104247984903877,1.0887756867990532
1.0,0.29165772074216895,0.25166491886094405
0.0,0.9749937698831497,1.316233970647295
1.0,0.36758266674145224,-0.42161191863795494
0.0,-1.1556493741451046,0.39333221632248916
0.0,-0.2810126219693544,1.3336900177311337
1.0,0.37891865568583066,-0.6587861796323277
0.0,0.4833636331744435,1.1970442648405037
1.0,1.6841758251948098,-0.13475537007568705
0.0,0.5084950681834024,0.2877408128583075
0.0,1.2389448247248338,0.9002338259657614
0.0,0.09996564841376493,0.9403511948863263
0.0,-0.28557330869621056,0.919123933068391
1.0,0.49893050917505205,-0.1696286978442536
0.0,0.515128804077802,1.341828227022212
